codigo;titulo;tipo_publicacion;anio_publicacion;indexacion;orden_autor;autores;nombre_afiliacion
5;Redes Neuronales Artificiales (RNA) aplicadas en la prediccion de caudales para intervalos de tiempo horarios;ARTÍCULO;2014;LATINDEX;1;Jaime Eduardo Veintimilla Reyes;Universidad de Cuenca, Departamento de Ciencias de la Computación
8;Explotación de información en el dominio geo-hídrico ecuatoriano utilizando tecnología semántica;ARTÍCULO;2015; ;1;Rosa Lucia Lupercio Novillo;Universidad de Cuenca, Departamento de Ciencias de la Computación
11;INTEGRATING TEXT MINING AND CITATION ANALYSIS IN THE DECISION-MAKING PROCESS FOR LIBRARY COLLECTIONS;ARTÍCULO DE CONFERENCIA;2018;ISI WEB OF SCIENCE (WEB OF KNOWLEDGE);2;Lorena Catalina Siguenza Guzman;Universidad de Cuenca, Departamento de Ciencias de la Computación
28;Towards a Functional Requirements Prioritization with early Mutation Testing;ARTÍCULO DE CONFERENCIA;2018;SCOPUS;2;Maria Fernanda Granda Juca;Universidad de Cuenca, Departamento de Ciencias de la Computación
32;Red neuronal para clasificación de riesgo en  cooperativas de ahorro y crédito;ARTÍCULO DE CONFERENCIA;2018;LATINDEX;2;Jose Miguel Orellana Parapi;Universidad de Cuenca, Departamento de Ciencias de la Computación
48;Valoración físico-química y fitotóxica de las aguas residuales depuradas/regeneradas destinadas al riego agrícola;ARTÍCULO;2015; ;1;Luisa Mayra Vera Cabezas;Universidad de Cuenca, Departamento de Ciencias de la Computación
85;Una ontología para representar la información geográfica en el dominio hídrico Ecuatoriano;ARTÍCULO DE CONFERENCIA;2018;SCOPUS;1;Jorge Mauricio Espinoza Mejia;Universidad de Cuenca, Departamento de Ciencias de la Computación
99;RDF-ization of DICOM Medical Images towards Linked Health Data Cloud;ARTÍCULO DE CONFERENCIA;2014;SCOPUS;1;Victor Hugo Saquicela Galarza;Universidad de Cuenca, Departamento de Ciencias de la Computación
130;LEADING CHANGE: A MULTIPLE-CASE STUDY OF LEADERSHIP PRACTICES IN LATIN AMERICAN UNIVERSITIES;ARTÍCULO DE CONFERENCIA;2018;ISI WEB OF SCIENCE (WEB OF KNOWLEDGE);2;Lorena Catalina Siguenza Guzman;Universidad de Cuenca, Departamento de Ciencias de la Computación
152;El efecto de la innovación en las mipymes de Cuenca, Ecuador. Estudio observacional descriptivo transversal;ARTÍCULO;2013; ;1;Silvana Vanessa Astudillo Duran;Universidad de Cuenca, Departamento de Ciencias de la Computación
191;Análisis y diseño de un software de gestión de procesos y costos en empresas de ensamblaje;ARTÍCULO;2018;LATINDEX;1;Erik Alejandro Sigcha Quezada;Universidad de Cuenca, Departamento de Ciencias de la Computación
196;Detecting Similar Areas of Knowledge Using Semantic and Data Mining Technologies;ARTÍCULO DE CONFERENCIA;2016;SCOPUS;1;Marco Andres Tello Guerrero;Universidad de Cuenca, Departamento de Ciencias de la Computación
197;An automatic method for the enrichment of DICOM metadata using biomedical ontologies;ARTÍCULO DE CONFERENCIA;2015;SCOPUS;1;Marco Andres Tello Guerrero;Universidad de Cuenca, Departamento de Ciencias de la Computación
229;Mixed Integer Linear Programming (MILP) Approach to Deal with Spatio-temporal Water Allocation;ARTÍCULO;2016;SCOPUS;1;Jaime Eduardo Veintimilla Reyes;Universidad de Cuenca, Departamento de Ciencias de la Computación
231;SWE Sensor Integration for Controlling Remote Sensors Applied to Hidrometeorological Sensing;ARTÍCULO DE CONFERENCIA;2017;SCOPUS;1;Jaime Eduardo Veintimilla Reyes;Universidad de Cuenca, Departamento de Ciencias de la Computación
232;Arquitectura para una red de sensores web basada en SWE (Sensor Web Enablement): Caso de estudio para la implementación en sensores hidrometeorológicos;ARTÍCULO DE CONFERENCIA;2017;LATINDEX;1;Lissette Maritza Muñoz Guillen;Universidad de Cuenca, Departamento de Ciencias de la Computación
233;Análisis e implementación de una Infraestructura de Datos Espaciales (IDE). Caso de estudio: Gobierno autónomo descentralizado municipal del cantón Guachapala;ARTÍCULO;2015;LATINDEX;1;Jaime Eduardo Veintimilla Reyes;Universidad de Cuenca, Departamento de Ciencias de la Computación
234;Análisis y diseño de una red de comunicación para transmitir información de alerta temprana. Caso de estudio: Proyecto de control de inundaciones Bulubulu-Caña...;ARTÍCULO;2016;SIN INDEXAR;1;Jaime Eduardo Veintimilla Reyes;Universidad de Cuenca, Departamento de Ciencias de la Computación
235;A linear programming approach to optimise the management of water in dammed river systems for meeting demands and preventing floods;ARTÍCULO;2018;SCOPUS;1;Jaime Eduardo Veintimilla Reyes;Universidad de Cuenca, Departamento de Ciencias de la Computación
274;A Systematic Literature Review of Electronic Invoicing, Platforms and Notifications Systems;ARTÍCULO DE CONFERENCIA;2018;SCOPUS;1;Irene Priscila Cedillo Orellana;Universidad de Cuenca, Departamento de Ciencias de la Computación
312;An NFO-LP-model to optimise water allocation in dammed river systems;ARTÍCULO DE CONFERENCIA;2017;SIN INDEXAR;1;Jaime Eduardo Veintimilla Reyes;Universidad de Cuenca, Departamento de Ciencias de la Computación
321;Data repository of mobile applications for people with disabilities in the area of communication and language using data mining techniques;ARTÍCULO DE CONFERENCIA;2018;SCOPUS;3;Victor Hugo Saquicela Galarza;Universidad de Cuenca, Departamento de Ciencias de la Computación
363;Challenges and trends about smart big geospatial data: A position paper;ARTÍCULO DE CONFERENCIA;2018;SCOPUS;1;Victor Hugo Saquicela Galarza;Universidad de Cuenca, Departamento de Ciencias de la Computación
369;Towards a Methodologhy to Extract Forensics Information from the Smartphone Sensors: Finding Evidence;ARTÍCULO DE CONFERENCIA;2018;SCOPUS;4;Irene Priscila Cedillo Orellana;Universidad de Cuenca, Departamento de Ciencias de la Computación
398;Security of Mobile Cloud Computing: A Systematic Mapping Study;ARTÍCULO DE CONFERENCIA;2018;SCOPUS;1;Diego Xavier Jara Juarez;Universidad de Cuenca, Departamento de Ciencias de la Computación
402;Similarity detection among academic contents through semantic technologies and text mining;ARTÍCULO DE CONFERENCIA;2018;SCOPUS;1;Victor Hugo Saquicela Galarza;Universidad de Cuenca, Departamento de Ciencias de la Computación
407;TV program recommender using user authentication on middleware Ginga;ARTÍCULO DE CONFERENCIA;2018;SCOPUS;1;Jorge Efrain Crespo Crespo;Universidad de Cuenca, Departamento de Ciencias de la Computación
421;Current challenges of interactive digital television;ARTÍCULO DE CONFERENCIA;2018;SCOPUS;1;Kenneth Samuel Palacio Baus;Universidad de Cuenca, Departamento de Ciencias de la Computación
453;Mining theory-based patterns from Big data: Identifying self-regulated learning strategies in Massive Open Online Courses;ARTÍCULO;2018;SCOPUS;1;Jorge Javier Maldonado Mahauad;Universidad de Cuenca, Departamento de Ciencias de la Computación
467;Footprint analysis using a low cost photo-podoscope;ARTÍCULO DE CONFERENCIA;2018;SCOPUS;1;Carlos Villie Morocho Zurita;Universidad de Cuenca, Departamento de Ciencias de la Computación
541;Towards the Implementation of a Software Platform Based on BPMN and TDABC for Strategic Management;ARTÍCULO DE CONFERENCIA;2019;SCOPUS;1;Erik Alejandro Sigcha Quezada;Universidad de Cuenca, Departamento de Ciencias de la Computación
542;Levantamiento de procesos en industrias de ensamblaje de bicicletas usando BPMN e ISO;ARTÍCULO DE CONFERENCIA;2018;SIN INDEXAR;4;Lorena Catalina Siguenza Guzman;Universidad de Cuenca, Departamento de Ciencias de la Computación
551;A Software Platform for Processes-Based Cost Analysis in the Assembly Industry;ARTÍCULO DE CONFERENCIA;2019;SCOPUS;1;Erik Alejandro Sigcha Quezada;Universidad de Cuenca, Departamento de Ciencias de la Computación
575;a systematic literature review on devices and systems for ambient assisted living: solutions and trends from different user perspectives;ARTÍCULO DE CONFERENCIA;2018;SCOPUS;1;Irene Priscila Cedillo Orellana;Universidad de Cuenca, Departamento de Ciencias de la Computación
576;a systematic mapping study for intelligent user interfaces-iui;ARTÍCULO DE CONFERENCIA;2018;SCOPUS;1;Irene Priscila Cedillo Orellana;Universidad de Cuenca, Departamento de Ciencias de la Computación
580;evaluating the usability of online social networks used by older people;ARTÍCULO DE CONFERENCIA;2018;SCOPUS;1;Irene Priscila Cedillo Orellana;Universidad de Cuenca, Departamento de Ciencias de la Computación
581;finding teleconnections from decomposed rainfall signals using dynamic harmonic regressions: a tropical andean case study;ARTÍCULO;2019;SCOPUS;4;Jorge Mauricio Espinoza Mejia;Universidad de Cuenca, Departamento de Ciencias de la Computación
586;Datos enlazados de información geográfica del Ecuador;ARTÍCULO;2018;LATINDEX;1;Victor Hugo Saquicela Galarza;Universidad de Cuenca, Departamento de Ciencias de la Computación
872;Modelo matemático basado en programación lineal y lógica difusa para predicción de tiempos en industrias de ensamble de bicicletas;ARTÍCULO DE CONFERENCIA;2019;SCOPUS;5;Lorena Catalina Siguenza Guzman;Universidad de Cuenca, Departamento de Ciencias de la Computación
887;Levantamiento de procesos como base para la aplicación de sistemas de costeo basado en actividades en empresas de ensamblaje;ARTÍCULO;2019;LATINDEX;4;Lorena Catalina Siguenza Guzman;Universidad de Cuenca, Departamento de Ciencias de la Computación
902;From Linear Programming Model to Mixed Integer Linear Programming Model for the Simultaneous Optimisation of Water Allocation and Reservoir Location in River Systems;ARTÍCULO DE CONFERENCIA;2018;DOAJ;1;Jaime Eduardo Veintimilla Reyes;Universidad de Cuenca, Departamento de Ciencias de la Computación
930;Level-Set Segmentation of Footprint Images Aimed at Insole Design;ARTÍCULO DE CONFERENCIA;2018;SCOPUS;3;Carlos Villie Morocho Zurita;Universidad de Cuenca, Departamento de Ciencias de la Computación
974;Aplicación de servicios web estándares para el monitoreo hidrometeorológico automático, integrando información de sensores diversos mediante ontologías;ARTÍCULO;2018;LATINDEX;1;Jaime Eduardo Veintimilla Reyes;Universidad de Cuenca, Departamento de Ciencias de la Computación
975;Dynamic reconfiguration of cloud application architectures;ARTÍCULO;2018;SCOPUS;1;Miguel Angel Zuñiga Prieto;Universidad de Cuenca, Departamento de Ciencias de la Computación
982;A Systematic Literature Review in Cyber Forensics: Current Trends from the Client Perspective;ARTÍCULO DE CONFERENCIA;2018;SCOPUS;2;Irene Priscila Cedillo Orellana;Universidad de Cuenca, Departamento de Ciencias de la Computación
986;A subject syllabus similarity analysis to address students mobility issue;ARTÍCULO DE CONFERENCIA;2018;SCOPUS;1;Victor Hugo Saquicela Galarza;Universidad de Cuenca, Departamento de Ciencias de la Computación
1195;Methodological Guidelines for Publishing Library Data as Linked Data;ARTÍCULO DE CONFERENCIA;2017;SCOPUS;6;Marco Andres Tello Guerrero;Universidad de Cuenca, Departamento de Ciencias de la Computación
1304;Improving Cluster-based Methods for Usage Anticipation by the Application of Data Transformations;ARTÍCULO DE CONFERENCIA;2018;SCOPUS;1;Andres Vinicio Auquilla Sangolqui;Universidad de Cuenca, Departamento de Ciencias de la Computación
1346;A Method for Building Massive Open Online Courses for Elderly People MOOCEP: From the User Perceptions;ARTÍCULO DE CONFERENCIA;2018;SCOPUS;1;Irene Priscila Cedillo Orellana;Universidad de Cuenca, Departamento de Ciencias de la Computación
1351;Unidimensional, non-stationary modeling of a high mountain river in southern Ecuador;ARTÍCULO;2018;LATINDEX;3;Angel Oswaldo Vazquez Patiño;Universidad de Cuenca, Departamento de Ciencias de la Computación
1405;A Systematic Literature Review for Development, Implementation and Deployment of MOOCs Focused on Older People;ARTÍCULO DE CONFERENCIA;2017;SCOPUS;3;Irene Priscila Cedillo Orellana;Universidad de Cuenca, Departamento de Ciencias de la Computación
1406;MOOCEP: Towards a Method for Building Massive Open Online Courses for Elderly People;ARTÍCULO DE CONFERENCIA;2018;SCOPUS;2;Irene Priscila Cedillo Orellana;Universidad de Cuenca, Departamento de Ciencias de la Computación
1539;LOD-GF: An Integral Linked Open Data Generation Framework;ARTÍCULO DE CONFERENCIA;2019;SCOPUS;1;Victor Hugo Saquicela Galarza;Universidad de Cuenca, Departamento de Ciencias de la Computación
1548;Predicting Learners’ Success in a Self-paced MOOC Through Sequence Patterns of Self-regulated Learning;ARTÍCULO DE CONFERENCIA;2018;SCOPUS;1;Jorge Javier Maldonado Mahauad;Universidad de Cuenca, Departamento de Ciencias de la Computación
1549;Tools to Support Self-Regulated Learning in Online Environments: Literature Review;ARTÍCULO DE CONFERENCIA;2018;SCOPUS;2;Jorge Javier Maldonado Mahauad;Universidad de Cuenca, Departamento de Ciencias de la Computación
1553;REDI: A Linked Data-Powered Research Networking Platform;ARTÍCULO DE CONFERENCIA;2018;SCOPUS;1;Francisco Xavier Sumba Toral;Universidad de Cuenca, Departamento de Ciencias de la Computación
1610;Accuracy of connected confidence left ventricle segmentation in 3-D multi-slice computerized tomography images;ARTÍCULO DE CONFERENCIA;2018;SCOPUS;2;Mateo Sebastian Bautista Llivisaca;Universidad de Cuenca, Departamento de Ciencias de la Computación
1695;A Systematic Mapping Study of Specification Languages in Cloud Services Development;ARTÍCULO DE CONFERENCIA;2019;SCOPUS;1;Jorge Luis Bermeo Conto;Universidad de Cuenca, Departamento de Ciencias de la Computación
1709;Spatial Data Infrastructure as the Core for Activating Early Alerts Using EWBS and Interactive Applications in Digital Terrestrial Television;ARTÍCULO DE CONFERENCIA;2019;SCOPUS;1;Carlos Villie Morocho Zurita;Universidad de Cuenca, Departamento de Ciencias de la Computación
1730;An empirical comparative evaluation of gestUI to include gesture-based interaction in user interfaces;ARTÍCULO;2019;SCOPUS;1;Luis Otto Parra Gonzalez;Universidad de Cuenca, Departamento de Ciencias de la Computación
1883;MILP for Optimizing Water Allocation and Reservoir Location: A Case Study for the Machángara River Basin, Ecuador;ARTÍCULO;2019;SCOPUS;1;Jaime Eduardo Veintimilla Reyes;Universidad de Cuenca, Departamento de Ciencias de la Computación
1884;Artificial Neural Networks Applied to Flow Prediction: A Use Case for the Tomebamba River;ARTÍCULO DE CONFERENCIA;2016;SCOPUS;1;Jaime Eduardo Veintimilla Reyes;Universidad de Cuenca, Departamento de Ciencias de la Computación
1885;Predicción de Caudales Basados en Redes Neuronales Artificiales ( RNA ) para Períodos de Tiempo Sub Diarios;ARTÍCULO;2015;SIN INDEXAR;1;Jaime Eduardo Veintimilla Reyes;Universidad de Cuenca, Departamento de Ciencias de la Computación
1886;Diseño e implementación de un datalogger para la transmisión de información de sensores remotos de lluvia por medio de una red GSM o GPRS;ARTÍCULO;2014;SIN INDEXAR;1;Jaime Eduardo Veintimilla Reyes;Universidad de Cuenca, Departamento de Ciencias de la Computación
1887;Estudio y seleccion de una arquitectura orientada a servicios (SOA) que permita la integracion de sistemas informaticos legados;ARTÍCULO;2014;SIN INDEXAR;1;Jaime Eduardo Veintimilla Reyes;Universidad de Cuenca, Departamento de Ciencias de la Computación
1907;Audio fingerprint parameterization for multimedia advertising identification;ARTÍCULO DE CONFERENCIA;2017;SCOPUS;4;Victor Hugo Saquicela Galarza;Universidad de Cuenca, Departamento de Ciencias de la Computación
1915;Towards a method for the integration of IoT and GIS applications deployed on cloud platforms;ARTÍCULO DE CONFERENCIA;2017;SCOPUS;1;Miguel Angel Zuñiga Prieto;Universidad de Cuenca, Departamento de Ciencias de la Computación
1999;Models, Guidelines and Trends for Process Quality Management: A Literature Review;ARTÍCULO DE CONFERENCIA;2020;SCOPUS;3;Erik Alejandro Sigcha Quezada;Universidad de Cuenca, Departamento de Ciencias de la Computación
2000;Integrating Corporate Social Responsibility to a Process-based Cost Analysis System;ARTÍCULO DE CONFERENCIA;2020;SCOPUS;1;Erik Alejandro Sigcha Quezada;Universidad de Cuenca, Departamento de Ciencias de la Computación
2098;Testing-Based Conceptual Schema Validation in a ModelDriven Environment;ARTÍCULO DE CONFERENCIA;2013;SCOPUS;1;Maria Fernanda Granda Juca;Universidad de Cuenca, Departamento de Ciencias de la Computación
2099;An experiment design for validating a test case generation strategy from requirements models;ARTÍCULO DE CONFERENCIA;2014;SCOPUS;1;Maria Fernanda Granda Juca;Universidad de Cuenca, Departamento de Ciencias de la Computación
2100;Towards the automated generation of abstract test cases from requirements models;ARTÍCULO DE CONFERENCIA;2014;SCOPUS;1;Maria Fernanda Granda Juca;Universidad de Cuenca, Departamento de Ciencias de la Computación
2101;What do we know about the defect types detected in conceptual models?;ARTÍCULO DE CONFERENCIA;2015;SIN INDEXAR;1;Maria Fernanda Granda Juca;Universidad de Cuenca, Departamento de Ciencias de la Computación
2103;Mutation Operators for UML Class Diagrams;ARTÍCULO DE CONFERENCIA;2016;SIN INDEXAR;1;Maria Fernanda Granda Juca;Universidad de Cuenca, Departamento de Ciencias de la Computación
2104;CoSTest: A Tool for Validation of Requirements at Model Level;ARTÍCULO DE CONFERENCIA;2017;SIN INDEXAR;1;Maria Fernanda Granda Juca;Universidad de Cuenca, Departamento de Ciencias de la Computación
2105;Using ALF within the CoSTest process for Validation of UML-based Conceptual Schema;ARTÍCULO DE CONFERENCIA;2017;SCOPUS;1;Maria Fernanda Granda Juca;Universidad de Cuenca, Departamento de Ciencias de la Computación
2106;Effectiveness Assessment of an Early Testing Technique using Model-Level Mutants;ARTÍCULO DE CONFERENCIA;2017;SCOPUS;1;Maria Fernanda Granda Juca;Universidad de Cuenca, Departamento de Ciencias de la Computación
2107;A Metrics-driven Inspection Framework for Model Transformations;ARTÍCULO DE CONFERENCIA;2019;SCOPUS;1;Maria Fernanda Granda Juca;Universidad de Cuenca, Departamento de Ciencias de la Computación
2109;A Model-Level Mutation Tool to Support the Assessment of the Test Case Quality (Book Chapter);ARTÍCULO DE CONFERENCIA;2017;SCOPUS;1;Maria Fernanda Granda Juca;Universidad de Cuenca, Departamento de Ciencias de la Computación
2130;A hybrid algorithm for supply chain optimization of assembly companies;ARTÍCULO DE CONFERENCIA;2019;SCOPUS;1;Carlos Patricio Cevallos Tapia;Universidad de Cuenca, Departamento de Ciencias de la Computación
2131;Modelo de costeo basado en tiempo invertido por actividad para servicios tecnológicos en Instituciones de Educación Superior: Un estudio de caso;ARTÍCULO;2020;SCOPUS;3;Lorena Catalina Siguenza Guzman;Universidad de Cuenca, Departamento de Ciencias de la Computación
2132;Prediction of Standard Times in Assembly Lines Using Least Squares in Multivariable Linear Models;ARTÍCULO DE CONFERENCIA;2020;SCOPUS;4;Lorena Catalina Siguenza Guzman;Universidad de Cuenca, Departamento de Ciencias de la Computación
2133;Optimization of Motorcycle Assembly Processes Based on Lean Manufacturing Tools;ARTÍCULO DE CONFERENCIA;2020;SCOPUS;2;Lorena Catalina Siguenza Guzman;Universidad de Cuenca, Departamento de Ciencias de la Computación
2134;Blockchain and Its Potential Applications in Food Supply Chain Management in Ecuador;ARTÍCULO DE CONFERENCIA;2020;SCOPUS;3;Lorena Catalina Siguenza Guzman;Universidad de Cuenca, Departamento de Ciencias de la Computación
2135;Optimization of Assembly Processes Based on Lean Manufacturing Tools. Case Studies: Television and Printed Circuit Boards (PCB) Assemblers;ARTÍCULO DE CONFERENCIA;2020;SCOPUS;2;Lorena Catalina Siguenza Guzman;Universidad de Cuenca, Departamento de Ciencias de la Computación
2137;Análisis de Tiempos Estándar en Empresas de Ensamble como insumo para la toma de decisiones;ARTÍCULO;2020;SCOPUS;5;Lorena Catalina Siguenza Guzman;Universidad de Cuenca, Departamento de Ciencias de la Computación
2138;Coordinating learning analytics policymaking and implementation at scale;ARTÍCULO;2020;SCOPUS;6;Paola Gabriela Pesantez Cabrera;Universidad de Cuenca, Departamento de Ciencias de la Computación
2196;A Forensics Activity Logger to Extract User Activity from Mobile Devices;ARTÍCULO DE CONFERENCIA;2019;SCOPUS;1;Priscila  Cedillo ;Universidad de Cuenca, Departamento de Ciencias de la Computación
2197;CALMS: A Context-Aware Learning Mobile System Based on Ontologies;ARTÍCULO DE CONFERENCIA;2019;SCOPUS;1;Lenin Xavier Erazo Garzon;Universidad de Cuenca, Departamento de Ciencias de la Computación
2220;Towards an E-learning Platform Based on Interactive Visual Elements;ARTÍCULO DE CONFERENCIA;2019;SCOPUS;3;Victor Hugo Saquicela Galarza;Universidad de Cuenca, Departamento de Ciencias de la Computación
2244;A General Process for the Semantic Annotation and Enrichment of Electronic Program Guides;ARTÍCULO DE CONFERENCIA;2019;SCOPUS;1;Hernan Santiago Gonzalez Toral;Universidad de Cuenca, Departamento de Ciencias de la Computación
2570;Education in System Engineering: Digital Competence;ARTÍCULO DE CONFERENCIA;2019;SCOPUS;2;Andrea Vanessa Mory Alvarado;Universidad de Cuenca, Departamento de Ciencias de la Computación
2618;Towards an Architecture for Human Computer Interaction within the Internet of Things and Ambient Assisted Living Domain;ARTÍCULO DE CONFERENCIA;2019;SCOPUS;3;Irene Priscila Cedillo Orellana;Universidad de Cuenca, Departamento de Ciencias de la Computación
2901;MASS MOVEMENTS DETECTION FROM UAV IMAGES ANALYSIS;ARTÍCULO DE CONFERENCIA;2019;SCOPUS;1;Carlos Villie Morocho Zurita;Universidad de Cuenca, Departamento de Ciencias de la Computación
3065;A Design for a Secure Malware Laboratory;ARTÍCULO DE CONFERENCIA;2020;SCOPUS;1;Xavier Fernando Riofrio Machado;Universidad de Cuenca, Departamento de Ciencias de la Computación
3094;Temporal Analysis of 911 Emergency Calls Through Time Series Modeling;ARTÍCULO DE CONFERENCIA;2020;SCOPUS;4;Miguel Angel Zuñiga Prieto;Universidad de Cuenca, Departamento de Ciencias de la Computación
3100;A causal flow approach for the evaluation of global climate models;ARTÍCULO;2020;SCOPUS;1;Angel Oswaldo Vazquez Patiño;Universidad de Cuenca, Departamento de Ciencias de la Computación
3140;Identifying needs for learning analytics adoption in Latin American universities: A mixed-methods approach;ARTÍCULO;2020;SCOPUS;3;Paola Karina Pesantez Cabrera;Universidad de Cuenca, Departamento de Ciencias de la Computación
3150;AALADIN: Ambient Assisted Living Assistive Device for Internet;ARTÍCULO DE CONFERENCIA;2020;SCOPUS;1;Irene Priscila Cedillo Orellana;Universidad de Cuenca, Departamento de Ciencias de la Computación
3161;Exploring the inuence of the emotional state on the efficiency for correcting defects in conceptual models: A live study;ARTÍCULO DE CONFERENCIA;2020;SCOPUS;3;Maria Fernanda Granda Juca;Universidad de Cuenca, Departamento de Ciencias de la Computación
3164;Nonparametric user activity modelling and prediction;ARTÍCULO;2020;SCOPUS;2;Andres Vinicio Auquilla Sangolqui;Universidad de Cuenca, Departamento de Ciencias de la Computación
3173;A Systematic Literature Review on Composition of Microservices through the Use of Semantic Annotations: Solutions and Techniques;ARTÍCULO DE CONFERENCIA;2019;SCOPUS;1;Kevin Eduardo Chavez Zambrano;Universidad de Cuenca, Departamento de Ciencias de la Computación
3175;A Data Infrastructure for Managing Information Obtained from Ambient Assisted Living;ARTÍCULO DE CONFERENCIA;2019;SCOPUS;1;Wilson Fernando Valdez Solis;Universidad de Cuenca, Departamento de Ciencias de la Computación
3176;Outlier Detection with Data Mining Techniques and Statistical Methods;ARTÍCULO DE CONFERENCIA;2019;SCOPUS;2;Irene Priscila Cedillo Orellana;Universidad de Cuenca, Departamento de Ciencias de la Computación
3210;Key Performance Indicators for the Supply Chain in Small and Medium-Sized Enterprises based on Balance Score Card;ARTÍCULO;2020;SCOPUS;6;Lorena Catalina Siguenza Guzman;Universidad de Cuenca, Departamento de Ciencias de la Computación
3211;Process Mapping and Modeling: A Theoretical tool Analysis;ARTÍCULO;2020;SCOPUS;5;Lorena Catalina Siguenza Guzman;Universidad de Cuenca, Departamento de Ciencias de la Computación
3219;ShimiTV, a t-learning system for android TV;ARTÍCULO DE CONFERENCIA;2018;SCOPUS;1;Elio Santiago Quevedo Silva;Universidad de Cuenca, Departamento de Ciencias de la Computación
3221;Semantically identifying regional-indexed publications, a web-exploring approach;ARTÍCULO DE CONFERENCIA;2018;SCOPUS;1;Jose Enrique Ortiz Vivar;Universidad de Cuenca, Departamento de Ciencias de la Computación
3222;Proposal of an assistant for the automation of the design and creation process of learning objects;ARTÍCULO DE CONFERENCIA;2018;SCOPUS;1;Jorge  Bermeo Conto;Universidad de Cuenca, Departamento de Ciencias de la Computación
3226;LAND COVER CLASSIFICATION OF HIGH RESOLUTION IMAGES FROM AN ECUADORIAN ANDEAN ZONE USING DEEP CONVOLUTIONAL NEURAL NETWORKS AND TRANSFER LEARNING;ARTÍCULO;2020;SCOPUS;1;Hernan Santiago Gonzalez Toral;Universidad de Cuenca, Departamento de Ciencias de la Computación
3237;Local rainfall modelling based on global climate information: A data-based approach;ARTÍCULO;2020;SCOPUS;4;Jorge Mauricio Espinoza Mejia;Universidad de Cuenca, Departamento de Ciencias de la Computación
3457;Self-regulated learning in MOOCs: lessons learned from a literature review;ARTÍCULO;2020;SCOPUS;3;Jorge Javier Maldonado Mahauad;Universidad de Cuenca, Departamento de Ciencias de la Computación
3463;Virtual Control Volume Approach to the Study of Climate Causal Flows: Identification of Humidity and Wind Pathways of Influence on Rainfall in Ecuador;ARTÍCULO;2020;SCOPUS;1;Angel Oswaldo Vazquez Patiño;Universidad de Cuenca, Departamento de Ciencias de la Computación
3691;Laryngeal Image Processing of Vocal Folds Motion;ARTÍCULO;2020;SCOPUS;1;Gustavo Xavier Andrade Miranda;Universidad de Cuenca, Departamento de Ciencias de la Computación
3727;"Characterizing Learners&amp;#x0027; Engagement in MOOCs: An Observational Case Study Using the NoteMyProgress Tool for Supporting Self-Regulation";ARTÍCULO;2020;SCOPUS;2;Jorge Javier Maldonado Mahauad;Universidad de Cuenca, Departamento de Ciencias de la Computación
3881;Detección de valores atípicos con técnicas de minería de datos y métodos estadísticos;ARTÍCULO;2020;DOAJ;2;Irene Priscila Cedillo Orellana;Universidad de Cuenca, Departamento de Ciencias de la Computación
3995;REDI: Towards knowledge graph-powered scholarly information management and research networking;ARTÍCULO;2020;SCOPUS;2;José Luis Segarra Flores;Universidad de Cuenca, Departamento de Ciencias de la Computación
3998;A Memory Game for Elderly People: Development and Evaluation;ARTÍCULO DE CONFERENCIA;2020;SCOPUS;2;Irene Priscila Cedillo Orellana;Universidad de Cuenca, Departamento de Ciencias de la Computación
4027;A MOOC-based flipped experience: Scaffolding SRL strategies improves learners’ time management and engagement;ARTÍCULO;2021;SCOPUS;6;Jorge Javier Maldonado Mahauad;Universidad de Cuenca, Departamento de Ciencias de la Computación
4046;Analyzing Students’ Behavior in a MOOC Course: A Process-Oriented Approach;ARTÍCULO DE CONFERENCIA;2020;SCOPUS;1;Franklin  Bernal ;Universidad de Cuenca, Departamento de Ciencias de la Computación
4048;How Do Negative Emotions Influence on the Conceptual Models Verification?: A live study proposal;ARTÍCULO DE CONFERENCIA;2020;SCOPUS;3;Maria Fernanda Granda Juca;Universidad de Cuenca, Departamento de Ciencias de la Computación
4066;A ranking-based approach for supporting the initial selection of primary studies in a Systematic Literature Review;ARTÍCULO DE CONFERENCIA;2019;SCOPUS;1;Hernan Santiago Gonzalez Toral;Universidad de Cuenca, Departamento de Ciencias de la Computación
4067;Discovering research trends in the computer science area of Ecuador: An approach using semantic knowledge bases;ARTÍCULO DE CONFERENCIA;2019;SCOPUS;1;José Luis Segarra Flores;Universidad de Cuenca, Departamento de Ciencias de la Computación
4073;CloudIoTSecurity: Evaluating the Security in Cloud IoT Applications;ARTÍCULO DE CONFERENCIA;2020;SCOPUS;1;Irene Priscila Cedillo Orellana;Universidad de Cuenca, Departamento de Ciencias de la Computación
4074;A middleware for managing the heterogeneity of data provining from IoT devices in ambient assisted living environments;ARTÍCULO DE CONFERENCIA;2020;SCOPUS;1;Irene Priscila Cedillo Orellana;Universidad de Cuenca, Departamento de Ciencias de la Computación
4089;A Software Architecture Proposal for a Data Platform on Active Mobility and Urban Environment;ARTÍCULO DE CONFERENCIA;2020;SCOPUS;3;Lorena Catalina Siguenza Guzman;Universidad de Cuenca, Departamento de Ciencias de la Computación
4095;Applying the LALA framework for the adoption of a learning analytics tool in Latin America: Two case studies in Ecuador;ARTÍCULO DE CONFERENCIA;2020;SCOPUS;1;Miguel Angel Zuñiga Prieto;Universidad de Cuenca, Departamento de Ciencias de la Computación
4096;An overview of the LALA project;ARTÍCULO DE CONFERENCIA;2020;SCOPUS;8;Miguel Angel Zuñiga Prieto;Universidad de Cuenca, Departamento de Ciencias de la Computación
4130;Occupational Health and Safety for Decision-Making in the Framework of Corporate Social Responsibility: Models, Guidelines, and Indicators.;ARTÍCULO DE CONFERENCIA;2020;SCOPUS;4;Lorena Catalina Siguenza Guzman;Universidad de Cuenca, Departamento de Ciencias de la Computación
4131;Modelo genérico de procesos para empresas de ensamblaje como estrategia de evaluación comparativa para la toma de decisiones;ARTÍCULO;2021;SCOPUS;2;Lorena Catalina Siguenza Guzman;Universidad de Cuenca, Departamento de Ciencias de la Computación
4132;PESTEL Analysis as a Baseline to Support Decision-Making in the Local Textile Industry;ARTÍCULO DE CONFERENCIA;2020;SCOPUS;3;Lorena Catalina Siguenza Guzman;Universidad de Cuenca, Departamento de Ciencias de la Computación
4168;Mathematical modeling to standardize times in assembly processes: Application to four case studies.;ARTÍCULO;2021;SCOPUS;3;Carlos Villie Morocho Zurita;Universidad de Cuenca, Departamento de Ciencias de la Computación
4169;Uso de CBCT y herramientas computacionales odontologicas para la reconstrucción tridimensional de objetos arquelógicos;ARTÍCULO;2020;LATINDEX;4;Oswaldo Francisco Vega Zamora;Universidad de Cuenca, Departamento de Ciencias de la Computación
4215;Toward a Sustainability Balanced Scorecard for Managing Corporate Social Responsibility: A Conceptual Model;ARTÍCULO DE CONFERENCIA;2021;SCOPUS;5;Lorena Catalina Siguenza Guzman;Universidad de Cuenca, Departamento de Ciencias de la Computación
4242;Lean Manufacturing for Optimizing Operational Processes in a Bicycle Assembly Line;ARTÍCULO DE CONFERENCIA;2021;SCOPUS;2;Lorena Catalina Siguenza Guzman;Universidad de Cuenca, Departamento de Ciencias de la Computación
4243;A Model for Implementing Enterprise Resource Planning Systems in Small and Medium-sized Enterprises;ARTÍCULO DE CONFERENCIA;2021;SCOPUS;7;Lorena Catalina Siguenza Guzman;Universidad de Cuenca, Departamento de Ciencias de la Computación
4261;New Hybrid Algorithm for Supply Chain Optimization;ARTÍCULO DE CONFERENCIA;2021;SIN INDEXAR;3;Lorena Catalina Siguenza Guzman;Universidad de Cuenca, Departamento de Ciencias de la Computación
4299;Backpack process model (Bppm): A process mining approach for curricular analytics;ARTÍCULO;2021;SCOPUS;3;Jorge Javier Maldonado Mahauad;Universidad de Cuenca, Departamento de Ciencias de la Computación
4301;Building Microservices for Scalability and Availability: Step by Step, from Beginning to End;ARTÍCULO DE CONFERENCIA;2021;SCOPUS;1;Victor Hugo Saquicela Galarza;Universidad de Cuenca, Departamento de Ciencias de la Computación
4401;A new era for cities with fog computing;ARTÍCULO;2017;SCOPUS;8;Diego Teodoro Montero Banegas;Universidad de Cuenca, Departamento de Ciencias de la Computación
4466;Analyzing Emotions in Conceptual Models Verification Tasks performed in Online Contests;ARTÍCULO DE CONFERENCIA;2021;SCOPUS;4;Maria Fernanda Granda Juca;Universidad de Cuenca, Departamento de Ciencias de la Computación
4468;Empirical and theoretical evaluation of USE and OCLE tools;ARTÍCULO DE CONFERENCIA;2021;SCOPUS;2;Maria Fernanda Granda Juca;Universidad de Cuenca, Departamento de Ciencias de la Computación
4470;Evaluating the Meeting Solutions Used for Virtual Classes in Higher Education during the COVID-19 Pandemic;ARTÍCULO DE CONFERENCIA;2021;SCOPUS;1;Maria Fernanda Granda Juca;Universidad de Cuenca, Departamento de Ciencias de la Computación
4471;Towards a Model-Driven Testing Framework for GUI Test Cases Generation from User Stories;ARTÍCULO DE CONFERENCIA;2021;SIN INDEXAR;1;Maria Fernanda Granda Juca;Universidad de Cuenca, Departamento de Ciencias de la Computación
4524;The energy saving potential of retrofitting a smart heating system: A residence hall pilot study;ARTÍCULO;2021;SCOPUS;2;Andres Vinicio Auquilla Sangolqui;Universidad de Cuenca, Departamento de Ciencias de la Computación
4527;User-Adapting System Design for Improved Energy Efficiency During the Use Phase of Products: Case Study of an Occupancy-Driven, Self-Learning Thermostat;ARTÍCULO DE CONFERENCIA;2017; ;1;Andres Vinicio Auquilla Sangolqui;Universidad de Cuenca, Departamento de Ciencias de la Computación
4529;Combining Occupancy User Profiles in a Multi-user Environment: An Academic Office Case Study;ARTÍCULO DE CONFERENCIA;2016; ;1;Andres Vinicio Auquilla Sangolqui;Universidad de Cuenca, Departamento de Ciencias de la Computación
4531;Intelligent occupancy-driven thermostat by dynamic user profiling;ARTÍCULO DE CONFERENCIA;2016; ;1;Andres Vinicio Auquilla Sangolqui;Universidad de Cuenca, Departamento de Ciencias de la Computación
4533;Using Time-Driven Activity-Based Costing to Identify Best Practices in Academic Libraries;ARTÍCULO;2016; ;1;Andres Vinicio Auquilla Sangolqui;Universidad de Cuenca, Departamento de Ciencias de la Computación
4534;Impact reduction potential by usage anticipation under comfort trade-off conditions;ARTÍCULO;2016; ;2;Andres Vinicio Auquilla Sangolqui;Universidad de Cuenca, Departamento de Ciencias de la Computación
4549;Ensuring traceability and Orchestration in the food supply chain.;ARTÍCULO DE CONFERENCIA;2020;SCOPUS;1;Jorge Mauricio Espinoza Mejia;Universidad de Cuenca, Departamento de Ciencias de la Computación
4592;Cycling and public transportation sharing space: An option to increase cycling ridership;ARTÍCULO;2017;LATINDEX;1;Nora Patricia Cazorla Vanegas;Universidad de Cuenca, Departamento de Ciencias de la Computación
4593;A Holistic Decision-Making Process to Improve the Productivity of Public Transportation in Cuenca-Ecuador;ARTÍCULO;2021;SCOPUS;1;Nora Patricia Cazorla Vanegas;Universidad de Cuenca, Departamento de Ciencias de la Computación
4645;Evaluating extreme climate indices from CMIP3&5 global climate models and reanalysis data sets: a case study for present climate in the Andes of Ecuador;ARTÍCULO;2017;SCOPUS;2;Angel Oswaldo Vazquez Patiño;Universidad de Cuenca, Departamento de Ciencias de la Computación
4770;Digital Identity Proposal for Unified Medical Record using Blockchain technology;ARTÍCULO DE CONFERENCIA;2021;SCOPUS;1;Daniel Fabricio Peralta Velecela;Universidad de Cuenca, Departamento de Ciencias de la Computación
4785;A Methodological Framework for Creating Large-Scale Corpus for Natural Language Processing Models;ARTÍCULO DE CONFERENCIA;2021;SCOPUS;1;David Enrique Santos Leon;Universidad de Cuenca, Departamento de Ciencias de la Computación
4806;A scoping review on the use, processing and fusion of geographic data in virtual assistants;ARTÍCULO;2021;SCOPUS;2;Paola Gabriela Pesantez Cabrera;Universidad de Cuenca, Departamento de Ciencias de la Computación
4807;Prototype of a Centralized Alert and Emergency System for Digital Terrestrial Television in Ecuador;ARTÍCULO DE CONFERENCIA;2021;SCOPUS;4;Darwin Fabian Santander Jaramillo;Universidad de Cuenca, Departamento de Ciencias de la Computación
4808;Implementation of a Basic Risk Guide for Interactive Digital Terrestrial Television Using Learning Objects;ARTÍCULO DE CONFERENCIA;2021;SCOPUS;1;Carlos Villie Morocho Zurita;Universidad de Cuenca, Departamento de Ciencias de la Computación
4809;Applying Maturity Models in Organizations for Digital Transformation: A Comparative Study;ARTÍCULO DE CONFERENCIA;2022;SCOPUS;1;Juan Francisco Reyes Coellar;Universidad de Cuenca, Departamento de Ciencias de la Computación
4845;Intelligent PillBox: Automatic and Programmable Assistive Technology Device;ARTÍCULO DE CONFERENCIA;2017;SCOPUS;4;Irene Priscila Cedillo Orellana;Universidad de Cuenca, Departamento de Ciencias de la Computación
4870;Management Tools for Process Mapping and Modeling in Assembly Industry;ARTÍCULO DE CONFERENCIA;2022;SCOPUS;5;Lorena Catalina Siguenza Guzman;Universidad de Cuenca, Departamento de Ciencias de la Computación
4889;Improving Cognitive Functions in Older People: Stroop Task Solution;ARTÍCULO DE CONFERENCIA;2021;SCOPUS;1;Katerine Daniela Prado Cabrera;Universidad de Cuenca, Departamento de Ciencias de la Computación
4899;Empirical Evaluation of a Method for Monitoring Cloud Services Based on Models at Runtime;ARTÍCULO;2021;SCOPUS;1;Irene Priscila Cedillo Orellana;Universidad de Cuenca, Departamento de Ciencias de la Computación
4909;owards a Selection and Acquisition Method for IoT Devices Oriented to Older People in Ecuador;ARTÍCULO DE CONFERENCIA;2021;SCOPUS;1;Jorge Esteban Galan Galan;Universidad de Cuenca, Departamento de Ciencias de la Computación
4926;Towards the Evaluation of the Usability and Portability of Serious Games;ARTÍCULO DE CONFERENCIA;2021;SCOPUS;1;Moises Santiago Arevalo Angamarca;Universidad de Cuenca, Departamento de Ciencias de la Computación
4931;Evaluating functional suitability of domain-specific languages oriented to create interactions for cognitive training;ARTÍCULO DE CONFERENCIA;2021;SCOPUS;1;David Enrique Santos Leon;Universidad de Cuenca, Departamento de Ciencias de la Computación
4944;Usability model of augmentative and alternative communication systems and pictographic systems in people with disabilities;ARTÍCULO DE CONFERENCIA;2021;SCOPUS;1;Freddy Andres Abad Rojas;Universidad de Cuenca, Departamento de Ciencias de la Computación
4952;Annotating OGC web feature services automatically for generating geospatial knowledge graphs;ARTÍCULO;2021;SCOPUS;1;Victor Hugo Saquicela Galarza;Universidad de Cuenca, Departamento de Ciencias de la Computación
4980;Application of the LSA technique to determine the priority of alerts from a command and control center;ARTÍCULO DE CONFERENCIA;2021;SCOPUS;5;Irene Priscila Cedillo Orellana;Universidad de Cuenca, Departamento de Ciencias de la Computación
4989;Quality Model for CloudIot Applied in Ambient Assisted Living (AAL);ARTÍCULO DE CONFERENCIA;2021;SCOPUS;3;Alexandra Elizabeth Bermeo Arpi;Universidad de Cuenca, Departamento de Ciencias de la Computación
4992;Cognitive Interventions Based on Technology: A Systematic Literature Review;ARTÍCULO DE CONFERENCIA;2021;SCOPUS;6;Irene Priscila Cedillo Orellana;Universidad de Cuenca, Departamento de Ciencias de la Computación
4994;Towards the Evaluation of the Performance Efficiency of Fog Computing Applications;ARTÍCULO DE CONFERENCIA;2021;SCOPUS;1;Wilson Fernando Valdez Solis;Universidad de Cuenca, Departamento de Ciencias de la Computación
5078;ADE2: Towards a Method for Implementing Serious Games for Older People's Memory Training;ARTÍCULO DE CONFERENCIA;2021;SIN INDEXAR;1;Irene Priscila Cedillo Orellana;Universidad de Cuenca, Departamento de Ciencias de la Computación
5092;Comparando técnicas de minería de datos en un centro de emergencias;ARTÍCULO;2021;LATINDEX;2;Irene Priscila Cedillo Orellana;Universidad de Cuenca, Departamento de Ciencias de la Computación
5119;Flipping the Classroom with MOOCs. A Pilot Study Exploring Differences between Self-Regulated Learners.;ARTÍCULO DE CONFERENCIA;2017;SIN INDEXAR;2;Vicente Guillermo Pacheco Salazar;Universidad de Cuenca, Departamento de Ciencias de la Computación
5139;Plataforma para Análisis de Mercado a través de Datos de Redes Sociales;ARTÍCULO;2021;SIN INDEXAR;3;Andres Vinicio Auquilla Sangolqui;Universidad de Cuenca, Departamento de Ciencias de la Computación
5145;Microlearning Method to Building Learning Capsules for Older Adults: A Case Study for COVID-19 Prevention at Home;ARTÍCULO DE CONFERENCIA;2021;SCOPUS;1;Daniel  Gómez ;Universidad de Cuenca, Departamento de Ciencias de la Computación
5148;Systematic Literature Review of Internet of Things Solutions Oriented to People with Physical and Intellectual Disabilities;ARTÍCULO DE CONFERENCIA;2021;SIN INDEXAR;1;Irene Priscila Cedillo Orellana;Universidad de Cuenca, Departamento de Ciencias de la Computación
5151;UIAAC: A Method for Design of Graphical User Interface for Augmentative and Alternative Communication;ARTÍCULO DE CONFERENCIA;2021;SIN INDEXAR;1;William Andres Sanchez Sanchez;Universidad de Cuenca, Departamento de Ciencias de la Computación
5158;Models@runtime and Internet of Things: A Systematic Literature Review;ARTÍCULO DE CONFERENCIA;2021;SCOPUS;4;Irene Priscila Cedillo Orellana;Universidad de Cuenca, Departamento de Ciencias de la Computación
5178;Math-odology: Methodology for teaching mathematics and tools for the implementation of virtual classes;ARTÍCULO;2021;SIN INDEXAR;1;Irene Priscila Cedillo Orellana;Universidad de Cuenca, Departamento de Ciencias de la Computación
5180;A Data-Driven Optimization Computational Tool Design for Bike-Sharing Station Distribution in Small to Medium-Sized Cities: A Case Study for Cuenca, Ecuador;ARTÍCULO DE CONFERENCIA;2022;SCOPUS;3;Irene Priscila Cedillo Orellana;Universidad de Cuenca, Departamento de Ciencias de la Computación
5185;Selecting and Acquiring IoT Devices Oriented to Older People: A Systematic Literature Review;ARTÍCULO DE CONFERENCIA;2021;SCOPUS;2;Wilson Fernando Valdez Solis;Universidad de Cuenca, Departamento de Ciencias de la Computación
5186;Evaluating the Usability in Domain-Specific Languages;ARTÍCULO DE CONFERENCIA;2021;SIN INDEXAR;5;Irene Priscila Cedillo Orellana;Universidad de Cuenca, Departamento de Ciencias de la Computación
5191;Evaluating the Usability of Interactive Digital Television Applications;ARTÍCULO DE CONFERENCIA;2020; ;1;Irene Priscila Cedillo Orellana;Universidad de Cuenca, Departamento de Ciencias de la Computación
5195;Integrating corporate social responsibility and quality management into the TDABC costing system: a case study in the assembly industry;ARTÍCULO;2022;SCOPUS;2;Carlos Villie Morocho Zurita;Universidad de Cuenca, Departamento de Ciencias de la Computación
5196;Towards a methodoly for creating Internet of Things (IoT) applications based on microservices;ARTÍCULO DE CONFERENCIA;2020;SIN INDEXAR;2;Paola Johana Cardenas Cardenas;Universidad de Cuenca, Departamento de Ciencias de la Computación
5197;Data mining techniques applied in the neuropsychology domain: A systematic review;ARTÍCULO DE CONFERENCIA;2020;SCOPUS;8;Irene Priscila Cedillo Orellana;Universidad de Cuenca, Departamento de Ciencias de la Computación
5198;Discovering Patterns of Time Association Among Air Pollution and Meteorological Variables;ARTÍCULO DE CONFERENCIA;2021;SCOPUS;3;Irene Priscila Cedillo Orellana;Universidad de Cuenca, Departamento de Ciencias de la Computación
5233;Identification of dynamical systems through the structure of auto-regression with exogenous variable by decreasing gradient and least squares;ARTÍCULO;2021;SCOPUS;5;Williams R. Villalba ;Universidad de Cuenca, Departamento de Ciencias de la Computación
5258;Iguales en las diferencias: iniciativas de investigación transnacionales sobre Informática Educativa en Latinoamérica en el periodo 2010-2020;ARTÍCULO;2021;SIN INDEXAR;8;Jorge Javier Maldonado Mahauad;Universidad de Cuenca, Departamento de Ciencias de la Computación
5259;FlipMyLearning: A Tool for Monitoring and Predicting Learner Behavior in Moodle;ARTÍCULO DE CONFERENCIA;2021;SIN INDEXAR;1;Jorge Javier Maldonado Mahauad;Universidad de Cuenca, Departamento de Ciencias de la Computación
5260;Large scale analytics of global and regional MOOC providers: Differences in learners’ demographics, preferences, and perceptions;ARTÍCULO;2022;SCOPUS;7;Jorge Javier Maldonado Mahauad;Universidad de Cuenca, Departamento de Ciencias de la Computación
5261;The MOOC-CEDIA Observatory;ARTÍCULO DE CONFERENCIA;2021;SIN INDEXAR;1;Jorge Javier Maldonado Mahauad;Universidad de Cuenca, Departamento de Ciencias de la Computación
5279;Evaluación de un Método de Monitorización de Calidad de Servicios Cloud: Una Replicación Interna;ARTÍCULO DE CONFERENCIA;2017;SIN INDEXAR;1;Irene Priscila Cedillo Orellana;Universidad de Cuenca, Departamento de Ciencias de la Computación
5280;Intelligent Pillbox: Evaluating the User Perceptions of Elderly People;ARTÍCULO DE CONFERENCIA;2017;SCOPUS;1;Wilson Fernando Valdez Solis;Universidad de Cuenca, Departamento de Ciencias de la Computación
5281;Smart Irrigation System for Smart Farming;ARTÍCULO DE CONFERENCIA;2017;SIN INDEXAR;1;Pedro Alexander Tenezaca Sari;Universidad de Cuenca, Departamento de Ciencias de la Computación
5283;Propuesta Metodológica de Evaluación de Seguridad para Aplicaciones de Mobile Cloud Computing;ARTÍCULO;2017;DOAJ;1;Diego Xavier Jara Juarez;Universidad de Cuenca, Departamento de Ciencias de la Computación
5284;Metodología para la Selección de Sistemas Enterprise Resource Planning Desplegados en la Nube para Pequeñas y Medianas Empresas: Aproximación Alineada con la Realidad Ecuatoriana;ARTÍCULO;2017;DOAJ;1;Fabian Hernando Carrion Matute;Universidad de Cuenca, Departamento de Ciencias de la Computación
5285;Evaluación de la Accesibilidad de MOOC Orientados a la Tercera Edad;ARTÍCULO;2017;DOAJ;1;Irene Priscila Cedillo Orellana;Universidad de Cuenca, Departamento de Ciencias de la Computación
5288;Herramienta para el monitoreo del uso de redes sociales por parte de adultos mayores;ARTÍCULO DE CONFERENCIA;2017;DOAJ;3;Eddison Marcelo Lazo Enriquez;Universidad de Cuenca, Departamento de Ciencias de la Computación
5290;MOOCEP: A Method for Building Massive Open Online Courses for Elderly People The Analysis Activity;ARTÍCULO DE CONFERENCIA;2017;SCOPUS;1;Irene Priscila Cedillo Orellana;Universidad de Cuenca, Departamento de Ciencias de la Computación
5297;A Monitoring Infrastructure for the Quality Assessment of Cloud Services;ARTÍCULO DE CONFERENCIA;2016;SIN INDEXAR;1;Irene Priscila Cedillo Orellana;Universidad de Cuenca, Departamento de Ciencias de la Computación
5298;Hacia una Revisión Sistemática de la Calidad de Servicios en la Nube en Combinación con el Internet de las Cosas: Protocolo y Definición del Problema;ARTÍCULO DE CONFERENCIA;2016;SIN INDEXAR;3;Andrea Patricia Guevara Toledo;Universidad de Cuenca, Departamento de Ciencias de la Computación
5333;Instrucciones para la vida. Entrevista a Lucía Calamaro;ARTÍCULO;2021;LATINDEX;1;Benito  Cañada Rangel;Universidad de Cuenca, Departamento de Ciencias de la Computación
5361;UI-Test: A Model-based Framework for Visual UI Testing– Qualitative and Quantitative Evaluation;ARTÍCULO DE CONFERENCIA;2022;SCOPUS;1;Bryan Andres Alba Sarango;Universidad de Cuenca, Departamento de Ciencias de la Computación
5402;Proposal of a Real Time Microservice Architecture Applied to Business Intelligence for the Financial Sector;ARTÍCULO DE CONFERENCIA;2022;SCOPUS;2;Jorge Mauricio Espinoza Mejia;Universidad de Cuenca, Departamento de Ciencias de la Computación
5508;Mortiño (Vaccinium floribundum Kunth): An Underutilized Superplant from the Andes;ARTÍCULO;2022;SCOPUS;5;Jaime Alberto Naranjo Moran;Universidad de Cuenca, Departamento de Ciencias de la Computación
5521;Decision-Making of the University Libraries’ Digital Collection Through the Publication and Citation Patterns Analysis. A Literature Review;ARTÍCULO DE CONFERENCIA;2022;SCOPUS;3;Lorena Catalina Siguenza Guzman;Universidad de Cuenca, Departamento de Ciencias de la Computación
5534;Internal Logistics Optimization Based on a Multi-objective Linear Model for Micro, Small, and Medium Textile Enterprises;ARTÍCULO DE CONFERENCIA;2022;SCOPUS;6;Jaime Eduardo Veintimilla Reyes;Universidad de Cuenca, Departamento de Ciencias de la Computación
5537;Technologies Applied to Solve Facility Layout Problems with Resilience – A Systematic Review;ARTÍCULO DE CONFERENCIA;2022;SCOPUS;1;Jorge Alberto Vazquez Mendoza;Universidad de Cuenca, Departamento de Ciencias de la Computación
5560;A Systematic Literature Review of Facility Layout Problems and Resilience Factors in the Industry;ARTÍCULO DE CONFERENCIA;2022;SCOPUS;2;Lorena Catalina Siguenza Guzman;Universidad de Cuenca, Departamento de Ciencias de la Computación
5669;Textile Micro, Small and Medium Enterprises (MSME) Layout Dynamics in the Ecuadorian Context;ARTÍCULO DE CONFERENCIA;2022;SCOPUS;4;Lorena Catalina Siguenza Guzman;Universidad de Cuenca, Departamento de Ciencias de la Computación
5774;A Methodology to Develop Extended Reality Applications for Exhibition Spaces in Museums;ARTÍCULO DE CONFERENCIA;2022;SCOPUS;1;Dayana Isabel Agudo Guiracocha;Universidad de Cuenca, Departamento de Ciencias de la Computación
5917;Desarrollo y caracterización del posgrado en el campo de conocimiento de las Tecnologías de la Información y Comunicación y sus Procesos de Evaluación y Acreditación a Nivel internacional y en Ecuador;LIBRO;2022;SIN INDEXAR;2;Luis Otto Parra Gonzalez;Universidad de Cuenca, Departamento de Ciencias de la Computación
5922;Towards a method to create microlearning capsules: bullying and cyberbullying domain;ARTÍCULO DE CONFERENCIA;2022;SCOPUS;2;Bertha Cristina Sanchez Zhunio;Universidad de Cuenca, Departamento de Ciencias de la Computación
5942;Virtual Assistants to bring geospatial information closer to a smart citizen;ARTÍCULO DE CONFERENCIA;2022;SCOPUS;2;Rosario  Achig Balarezo;Universidad de Cuenca, Departamento de Ciencias de la Computación
5953;Analysis of RRT, PRM and Voronoi path planning algorithms to solve a modular maze using a two-DOF platform;ARTÍCULO;2022;SCOPUS;1;Ivan Santiago Palacios Serrano;Universidad de Cuenca, Departamento de Ciencias de la Computación
5971;Building Institutional Capacity for Learning Analytics: Top-Down & Bottom-Up Initiatives;ARTÍCULO;2022;SCOPUS;3;Jorge Javier Maldonado Mahauad;Universidad de Cuenca, Departamento de Ciencias de la Computación
5973;A systematic review of COVID-19 transport policies and mitigation strategies around the globe;ARTÍCULO;2022;SCOPUS;2;Nora Patricia Cazorla Vanegas;Universidad de Cuenca, Departamento de Ciencias de la Computación
5977;Facility layout design in textile MSMEs. Literature review of resilient indicators;ARTÍCULO DE CONFERENCIA;2023;SCOPUS;5;Lorena Catalina Siguenza Guzman;Universidad de Cuenca, Departamento de Ciencias de la Computación
5979;Designing a moodle plugin for promoting learners’ self-regulated learning in blended learning;ARTÍCULO DE CONFERENCIA;2022;SCOPUS;3;Jorge Javier Maldonado Mahauad;Universidad de Cuenca, Departamento de Ciencias de la Computación
5982;Miranda: a chatbot for supporting self-regulated learning;ARTÍCULO DE CONFERENCIA;2022;SCOPUS;5;Darwin Mauricio Calle Morales;Universidad de Cuenca, Departamento de Ciencias de la Computación
6016;A Domain-Specific Language for Modeling IoT System Architectures That Support Monitoring;ARTÍCULO;2022;SCOPUS;2;Irene Priscila Cedillo Orellana;Universidad de Cuenca, Departamento de Ciencias de la Computación
6020;Guest Editorial Learning Analytics in IberoAmerica;ARTÍCULO;2022;SCOPUS;3;Miguel Angel Zuñiga Prieto;Universidad de Cuenca, Departamento de Ciencias de la Computación
6038;The design of a flexible bus line plan;ARTÍCULO;2022;SCOPUS;3;Pablo Fernando Vanegas Peralta;Universidad de Cuenca, Departamento de Ciencias de la Computación
6063;Adaptation of a process mining methodology to analyse learning strategies in a synchronous massive open online course;ARTÍCULO DE CONFERENCIA;2022;SCOPUS;1;Jorge Javier Maldonado Mahauad;Universidad de Cuenca, Departamento de Ciencias de la Computación
6064;Use and product quality of brain-computer interface (BCI) systems: a systematic literature review;ARTÍCULO DE CONFERENCIA;2022;SCOPUS;4;Irene Priscila Cedillo Orellana;Universidad de Cuenca, Departamento de Ciencias de la Computación
6065;Optimization models used in water allocation problems in river basin with reservoirs: a systematic review;ARTÍCULO DE CONFERENCIA;2022;SCOPUS;2;Piedad Magali Mejia Pesantez;Universidad de Cuenca, Departamento de Ciencias de la Computación
6074;Optimization models used in the textile sector: a systematic review;ARTÍCULO DE CONFERENCIA;2022;SCOPUS;6;Jaime Eduardo Veintimilla Reyes;Universidad de Cuenca, Departamento de Ciencias de la Computación
6078;Selecting sites for afforestation to minimize sediment loss from a river basin: Computational complexity of Single and Multiple Flow Direction Methods in raster databases;ARTÍCULO;2023;SCOPUS;2;Rene Gustavo Estrella Maldonado;Universidad de Cuenca, Departamento de Ciencias de la Computación
6097;Granuloma caused by Acanthocheilonema spp. in a canine: case report;ARTÍCULO;2022;SCOPUS;8;Felipe  Rosa Cunha;Universidad de Cuenca, Departamento de Ciencias de la Computación
